id	album_year	description	setting	light	people	framing	consent	quality_note	shared
a1-001	a1/2024	Forested parking area; five men on a dirt trail, a sedan parked, sun through the evergreens	bus-road	day	adults	wide	GREEN		
a1-002	a1/2024	Same parking area; men in discussion, one walks to the car; wooden structure through the trees	bus-road	day	adults	wide	GREEN	near-duplicate of a1-001	
a1-005	a1/2024	Six men in a clearing, two in camp chairs, loose semi-circle listening to someone off-camera	camp	day	adults	medium	GREEN	circle: confirm not a ceremony	
a1-008	a1/2024	Two young men walk toward camera on a cedar path carrying sleeping pads and bags	forest	day	young-men	medium	AMBER	faces toward camera	
a1-009	a1/2024	Group at a white folding table checking gear; men and one young young man; big green backpack	camp	day	mixed	medium	AMBER	verify whether the young man's face shows	
a1-011	a1/2024	Older man in a tan hat organises the top of a blue backpack at the table	camp	day	adults	close	GREEN		
a1-013	a1/2024	Deep grove, white tarps spread on the forest floor, people crouched setting up shelters	camp	day	unclear	wide	GREEN		
a1-014	a1/2024	Camp setup; man in a red cap foreground, two people tying a white tarp between trees	camp	day	adults	medium	GREEN		
a1-015	a1/2024	Looking up at the canopy, sun behind the branches, big lens flare, ferns and a fallen log	forest	day	none	wide	GREEN		
a1-016	a1/2024	High-angle completed campsite: many white tarps pitched, small figures tending gear	camp	day	mixed	wide	GREEN		
a1-018	a1/2024	Bald bearded man in a blue Hurley t-shirt, calm slight smile, rim-lit, ferns behind	forest	day	adults	medium	GREEN		
a1-021	a1/2024	Line of people at the clearing edge facing one way, waiting for instructions	field	day	unclear	medium	GREEN	verify faces are not toward camera	
a1-025	a1/2024	Rocky coastline at sunset, driftwood and stones, forested cliff right, calm water	beach	dusk	none	wide	GREEN	shared description with neighbour	shared
a1-026	a1/2024	Rocky coastline at sunset, driftwood and stones, forested cliff right, calm water	beach	dusk	none	wide	GREEN	shared description with neighbour	shared
a1-028	a1/2024	Two men (40s, 60s) beach selfie at twilight, driftwood, crescent moon, hazy mountains	beach	dusk	adults	close	GREEN	selfie-video frames; five near-identical; shared description with neighbour	shared
a1-029	a1/2024	Two men (40s, 60s) beach selfie at twilight, driftwood, crescent moon, hazy mountains	beach	dusk	adults	close	GREEN	selfie-video frames; five near-identical; shared description with neighbour	shared
a1-031	a1/2024	Two men (40s, 60s) beach selfie at twilight, driftwood, crescent moon, hazy mountains	beach	dusk	adults	close	GREEN	selfie-video frames; five near-identical; shared description with neighbour	shared
a1-032	a1/2024	Two men (40s, 60s) beach selfie at twilight, driftwood, crescent moon, hazy mountains	beach	dusk	adults	close	GREEN	selfie-video frames; five near-identical; shared description with neighbour	shared
a1-033	a1/2024	Two men (40s, 60s) beach selfie at twilight, driftwood, crescent moon, hazy mountains	beach	dusk	adults	close	GREEN	selfie-video frames; five near-identical; shared description with neighbour	shared
a1-038	a1/2024	Night: silhouettes around a bright campfire, one fire-lit figure addressing the group	fire	night	unclear	medium	GREEN	speaker addressing the group; silhouettes only	
a1-040	a1/2024	Night fire seen from a distance, two silhouettes from behind, last sliver of twilight	fire	night	unclear	wide	GREEN		
a1-041	a1/2024	High-angle night fire in the clearing, group huddled close, firelight on the trunks	fire	night	unclear	wide	GREEN		
a1-042	a1/2024	From behind a spectator: a man standing in the firelight speaking, audience faces lit	fire	night	mixed	medium	CEREMONY	fire-circle speaker, faces lit; three frames; shared description with neighbour	shared
a1-043	a1/2024	From behind a spectator: a man standing in the firelight speaking, audience faces lit	fire	night	mixed	medium	CEREMONY	fire-circle speaker, faces lit; three frames; shared description with neighbour	shared
a1-044	a1/2024	From behind a spectator: a man standing in the firelight speaking, audience faces lit	fire	night	mixed	medium	CEREMONY	fire-circle speaker, faces lit; three frames; shared description with neighbour	shared
a1-045	a1/2024	Path between two olive canvas wall tents into a sunny clearing where people stand	camp	day	unclear	wide	GREEN		
a1-046	a1/2024	Forest trail with sunbeams, a few people far down the trail beside gear	forest	day	unclear	wide	GREEN		
a1-047	a1/2024	Man in his 50s in a camp chair, grey brimmed hat and sunglasses, mossy shade	camp	day	adults	medium	GREEN		
a1-049	a1/2024	Man in his 60s in a bucket hat sits on a folding chair holding a tall branch; crate with red cloth	camp	day	adults	wide	GREEN		
a1-051	a1/2024	POV down a narrow forest trail, tunnel of evergreens, dappled needles, no people	forest	day	none	wide	GREEN		
a1-052	a1/2024	Man late 50s, shaved head, sits on a fallen log under a wooden gazebo, water bottle	camp	day	adults	medium	GREEN		
a1-054	a1/2024	Forest-floor detail: pine needles, twigs, small rocks in a warm beam of light	forest	day	none	detail	GREEN		
a1-055	a1/2024	Drum circle: ten people of various ages in folding chairs, five djembes, green tents behind	camp	day	unclear	wide	FLAG	clip a1-138 of this moment shows a young woman; looks like visitors/family day	
a1-056	a1/2024	Wider drum circle, group drumming together, open clearing under pines	camp	day	unclear	wide	FLAG	same moment as a1-055	
a1-057	a1/2024	Several teenage young men seated on a grassy slope looking left	field	day	young-men	medium	FLAG	same moment as a1-060 (teen girl present); looks like family day	
a1-060	a1/2024	Teenage girl in a blue cap on a log, focused; curly-haired young man beside her	field	day	mixed	close	FLAG	girl	
a1-061	a1/2024	Dutch angle: shirtless teen in red trunks in a blue inflatable pool beside a wooden building	camp	day	young-men	wide	AMBER		
a1-066	a1/2024	Same teen in the pool, frontal, looking straight at camera	camp	day	young-men	medium	AMBER		
a1-068	a1/2024	Low-angle tilt up to the evergreen canopy against a solid blue sky	forest	day	none	wide	GREEN	harsh light	
a1-071	a1/2024	Shirtless man early 40s speaks to camera, rocky beach behind, intense sun	beach	day	adults	close	GREEN	selfie-video frames; three near-identical; shared description with neighbour	shared
a1-072	a1/2024	Shirtless man early 40s speaks to camera, rocky beach behind, intense sun	beach	day	adults	close	GREEN	selfie-video frames; three near-identical; shared description with neighbour	shared
a1-074	a1/2024	Shirtless man early 40s speaks to camera, rocky beach behind, intense sun	beach	day	adults	close	GREEN	selfie-video frames; three near-identical; shared description with neighbour	shared
a1-077	a1/2024	Boxing pads: tall man holds pads, shorter person strikes; man with a staff behind; archery targets	field	day	mixed	medium	AMBER	the striker may be a young man; verify	
a1-078	a1/2024	Pad work continues, closer on the pad-holder and striker; bulls-eye target behind	field	day	mixed	medium	AMBER	verify	
a1-079	a1/2024	Group on the pine-needle floor; man in a hoodie reads a document, person in white sun hat seated	forest	day	mixed	medium	AMBER	verify who is seated	
a1-081	a1/2024	Rocky shoreline, sun-bleached driftwood, blue ocean to the horizon, cloudless	beach	day	none	wide	GREEN		
a1-082	a1/2024	Forest-to-beach transition, evergreens left, logs and grey gravel foreground	beach	day	none	wide	GREEN		
a1-083	a1/2024	Man in his 20s stands on a massive driftwood log looking out to sea; distant figures	beach	day	adults	wide	GREEN		
a1-084	a1/2024	Person in a white sun hat sits on a rock facing the sunlit ocean, heavy backlight flare	beach	day	unclear	medium	GREEN		
a1-085	a1/2024	Young person walks away toward mossy rocks and breaking waves; camera follows from behind	beach	day	young-men	medium	GREEN	back to camera	
a1-086	a1/2024	Man in his 20s faces the ocean as white water surges over mossy rocks	beach	day	adults	medium	GREEN		
a1-087	a1/2024	Man in cap, sunglasses and red bandana, three-quarter rear, arms crossed, staring at the water	beach	day	adults	close	GREEN		
a1-090	a1/2024	Over the shoulder of an archer drawing a black recurve bow at a target in the clearing	field	day	unclear	medium	GREEN	from behind	
a1-091	a1/2024	Older man in a beige bucket hat coaches from directly behind the archer, gesturing to the target	field	day	mixed	medium	GREEN	archer's back only	
a1-094	a1/2024	Archer in a black t-shirt at full draw in a wide clearing, several targets	field	day	unclear	wide	GREEN	verify the archer's face is not visible	
a1-095	a1/2024	From behind the archer releasing an arrow toward a row of four targets	field	day	unclear	medium	GREEN	from behind	
a1-096	a1/2024	Man early 20s from behind draws a recurve bow at three round targets	field	day	adults	medium	GREEN	from behind	
a1-097	a1/2024	Young man in profile at full draw, hand at his cheek, focused	field	day	young-men	close	AMBER	profile; looks under 12	
a1-102	a1/2024	Detail: tanned arm with a green wristband holding a black bow upright	field	day	unclear	detail	GREEN		
a1-105	a1/2024	Teen looks straight into the lens, low angle, sky and treetops behind; selfie	forest	day	young-men	close	AMBER		
a1-107	a1/2024	Mess-hall interior: man in a yellow polo serving roasted potatoes from foil trays	kitchen	day	adults	medium	GREEN	indoor, warm artificial light	
a1-108	a1/2024	Bald man in green, back to camera, looks down the slope at long white tables under green tents	camp	day	mixed	wide	GREEN		
a1-109	a1/2024	Top-down of a very long communal table in the forest, dozens eating; a young person waves at camera	camp	day	mixed	wide	AMBER	one face toward camera	
a1-110	a1/2024	The long dining table stretching into the forest, attendees eating, high angle	camp	day	mixed	wide	GREEN		
a1-113	a1/2024	Vertical: from the end of the long table looking down the line, a black dog mid-table	camp	day	mixed	wide	GREEN	vertical	
a1-114	a1/2024	Night coastline: moon path on calm water, driftwood foreground, stars, tree silhouettes	beach	night	none	wide	GREEN		
a1-118	a1/2024	Two men selfie, one bearded in a blue hoodie, one in grey sleeveless, forest	forest	day	adults	close	GREEN		
a1-119	a1/2024	High angle down the long table; elderly man in a tan shirt eats from a blue plate	camp	day	mixed	wide	GREEN		
a1-122	a1/2024	Three on a bench against a green building: young person in red tee and hat, young man in grey, elderly man with hat	camp	day	mixed	medium	AMBER	young man looks under 12; may be a visitor; shared description with neighbour	shared
a1-123	a1/2024	Three on a bench against a green building: young person in red tee and hat, young man in grey, elderly man with hat	camp	day	mixed	medium	AMBER	young man looks under 12; may be a visitor; shared description with neighbour	shared
a1-124	a1/2024	Same bench: young child holds a hat high, young man 10-12, older man with a straw hat	camp	day	mixed	medium	AMBER	child looks under 12; possibly family day; verify; shared description with neighbour	shared
a1-125	a1/2024	Same bench: young child holds a hat high, young man 10-12, older man with a straw hat	camp	day	mixed	medium	AMBER	child looks under 12; possibly family day; verify; shared description with neighbour	shared
a1-126	a1/2024	Kitchen selfie: man in a blue tank top with a white-haired man in grey; skylights, sink	kitchen	day	adults	close	GREEN	shared description with neighbour	shared
a1-127	a1/2024	Kitchen selfie: man in a blue tank top with a white-haired man in grey; skylights, sink	kitchen	day	adults	close	GREEN	shared description with neighbour	shared
a1-129	a1/2024	Kitchen selfie: same man with a teen (16-18) in a beige windbreaker	kitchen	day	mixed	close	AMBER		
a1-131	a1/2024	Selfie near a doorway with a man in a straw cowboy hat	indoor	day	adults	close	GREEN		
a1-132	a1/2024	Selfie in the dining hall with a white-bearded man in a camo bucket hat and red whistle, smiling	indoor	day	adults	close	GREEN	shared description with neighbour	shared
a1-133	a1/2024	Selfie in the dining hall with a white-bearded man in a camo bucket hat and red whistle, smiling	indoor	day	adults	close	GREEN	shared description with neighbour	shared
a1-134	a1/2024	Selfie under a wooden roof with a bearded man in a brown cap pulling silly faces	camp	day	adults	close	GREEN	three near-identical; shared description with neighbour	shared
a1-135	a1/2024	Selfie under a wooden roof with a bearded man in a brown cap pulling silly faces	camp	day	adults	close	GREEN	three near-identical; shared description with neighbour	shared
a1-136	a1/2024	Selfie under a wooden roof with a bearded man in a brown cap pulling silly faces	camp	day	adults	close	GREEN	three near-identical; shared description with neighbour	shared
a1-140	a1/2024	Selfie indoors, vaulted ceiling, man in cap and grey hoodie, laughing	indoor	day	adults	close	GREEN		
a1-143	a1/2024	Selfie indoors with a young man (late teens) in a plaid shirt and cap holding a white mug	indoor	day	mixed	close	AMBER		
a1-144	a1/2024	Selfie with two bearded men: tan bucket hat and bead necklaces; white fedora and bandana; EXIT sign	indoor	day	adults	close	GREEN		
a1-147	a1/2024	Seven young men in a circle on sunlit grass; one in a yellow 88 jersey faces away	field	day	young-men	medium	AMBER	verify faces	
a1-149	a1/2024	Young men gathered in the clearing; one in a white tee points, red shirt tied at the waist	forest	day	young-men	medium	AMBER		
a1-150	a1/2024	Side profile of young men queued; the lead in teal shirt, sun hat, sunglasses, blue bottle	forest	day	young-men	close	AMBER	profile	
a1-151	a1/2024	Straight up: Douglas fir silhouettes framing a clear blue sky	forest	day	none	wide	GREEN		
a1-154	a1/2024	Young man in the yellow 88 jersey sits on dry grass looking to camera; others blurred	field	day	young-men	medium	AMBER		
a1-155	a1/2024	Low angle across dry yellow-green grass toward distant standing legs, long shadows	field	day	unclear	detail	GREEN		
a1-157	a1/2024	Young men walk away across a sun-drenched field toward the treeline, one with hands behind his head	field	day	young-men	wide	GREEN	backs	
a1-159	a1/2024	Young man with orange-and-white face paint leans into frame smiling; another holds a staff	forest	day	young-men	close	AMBER		
a1-161	a1/2024	Teen in a tan tee laughs heartily; another in white tee and red bandana stands tall	forest	day	young-men	medium	AMBER		
a1-164	a1/2024	Two men in their 20s wrestle playfully on a pebble beach, ocean behind	beach	day	adults	medium	GREEN		
a1-167	a1/2024	Three young men carry a fourth by arms and legs toward the water, all laughing	beach	day	unclear	medium	AMBER	ages unclear (may be adults)	
a1-168	a1/2024	From behind, two young men wade knee-deep into the dark blue ocean	water	day	unclear	medium	GREEN	backs	
a1-170	a1/2024	Two men selfie in front of the white CAMP BYNG sign	camp	day	adults	close	GREEN	shows the site name; do not publish	
a1-173	a1/2024	Man in a grey tank top with three young young men in hats, all smiling; forest	forest	day	mixed	close	AMBER	young men look under 12	
a1-174	a1/2024	Man in grey tank top (whistle) with a teenage girl in a blue cap, sunlit field	field	day	mixed	close	FLAG	girl	
a1-176	a1/2024	Same man and girl, both smiling	field	day	mixed	close	FLAG	girl	
a1-177	a1/2024	Man with a young man (late teens), curly hair, red scarf, sunlit field	field	day	mixed	close	AMBER		
a1-178	a1/2024	Man with two young men (late teens): curly hair; messy dark hair, sweatshirt on shoulders, chain	field	day	mixed	close	AMBER		
a1-179	a1/2024	Same trio, one caught mid-reaction	field	day	mixed	close	AMBER	near-duplicate of a1-178	
a1-180	a1/2024	Vertical: young man with curly hair and red scarf in profile, shaded forest	forest	day	young-men	medium	AMBER	vertical	
a1-181	a1/2024	Vertical: same young man facing camera, neutral, forest	forest	day	young-men	medium	AMBER	vertical	
a1-185	a1/2024	Vertical: young man 10-12 in a trucker hat and camo jacket looks straight into camera	forest	day	young-men	medium	AMBER	vertical; looks under 12	
a1-187	a1/2024	Vertical: young man 10-12, blonde, grey long-sleeve, bead necklace, slight smile	forest	day	young-men	medium	AMBER	vertical; looks under 12	
a1-188	a1/2024	Vertical: shirtless man late 20s, backwards cap, swim trunks, red scarf, log stack behind	camp	day	adults	medium	GREEN	vertical	
a1-191	a1/2024	Vertical: man in his 30s in a black tee gestures while speaking among tall thin trees	forest	day	adults	medium	GREEN	vertical	
a1-193	a1/2024	Wide group photo, ~50 men and young men posing in the forest clearing	forest	day	mixed	wide	AMBER	group photo; faces small but posed	
a1-195	a1/2024	Same group photo, more centred, waving and smiling	forest	day	mixed	wide	AMBER	near-duplicate of a1-193	
a1-198	a1/2024	Same group photo, final frame	forest	day	mixed	wide	AMBER	near-duplicate of a1-193	
a1-199	a1/2024	Group photo of ~60 in the clearing; man in blue shirt far left, woman in pink far right	forest	day	mixed	wide	FLAG	includes a woman; shared description with neighbour	shared
a1-200	a1/2024	Group photo of ~60 in the clearing; man in blue shirt far left, woman in pink far right	forest	day	mixed	wide	FLAG	includes a woman; shared description with neighbour	shared
a1-202	a1/2024	Group photo of ~60 in the clearing; man in blue shirt far left, woman in pink far right	forest	day	mixed	wide	FLAG	includes a woman; shared description with neighbour	shared
a1-204	a1/2024	Same group; a black dog walks into the foreground	forest	day	mixed	wide	FLAG	includes a woman	
a1-205	a1/2024	Closer on the central rows and the dog; people smiling to camera	forest	day	mixed	medium	FLAG	includes a woman	
a1-206	a1/2024	Zoomed out again, dog centre foreground	forest	day	mixed	wide	FLAG	includes a woman	
a1-209	a1/2024	Group photo, dog at the far left; man in blue and woman in pink at the edges	forest	day	mixed	wide	FLAG	includes a woman; shared description with neighbour	shared
a1-210	a1/2024	Group photo, dog at the far left; man in blue and woman in pink at the edges	forest	day	mixed	wide	FLAG	includes a woman; shared description with neighbour	shared
a1-211	a1/2024	Group photo, dog at the far left; man in blue and woman in pink at the edges	forest	day	mixed	wide	FLAG	includes a woman; shared description with neighbour	shared
a1-213	a1/2024	Group photo, dog at the far left; man in blue and woman in pink at the edges	forest	day	mixed	wide	FLAG	includes a woman; shared description with neighbour	shared
a1-214	a1/2024	Final wide of the whole group in the clearing	forest	day	mixed	wide	FLAG	includes a woman; shared description with neighbour	shared
a1-216	a1/2024	Final wide of the whole group in the clearing	forest	day	mixed	wide	FLAG	includes a woman; shared description with neighbour	shared
a1-219	a1/2024	Final wide of the whole group in the clearing	forest	day	mixed	wide	FLAG	includes a woman; shared description with neighbour	shared
a1-222	a1/2024	Final wide of the whole group in the clearing	forest	day	mixed	wide	FLAG	includes a woman; shared description with neighbour	shared
a1-224	a1/2024	Group photo of ~45 males from about 8 to 50s in the clearing; man in navy far left	forest	day	mixed	wide	AMBER	group photo; faces small but posed	
a1-225	a1/2024	Bus aisle looking back: seats full of young men in caps, a man's forearm on a seat, trees passing	bus-road	day	mixed	medium	GREEN	backs of heads; verify; shared description with neighbour	shared
a1-226	a1/2024	Bus aisle looking back: seats full of young men in caps, a man's forearm on a seat, trees passing	bus-road	day	mixed	medium	GREEN	backs of heads; verify; shared description with neighbour	shared
a1-228	a1/2024	Two young men on the bus, green jacket with blue neckerchief and grey tee, suitcase between	bus-road	day	young-men	medium	AMBER		
a1-231	a1/2024	Same two; the blonde one grins at camera, an older teen leans over the seat smiling	bus-road	day	young-men	medium	AMBER		
a1-233	a1/2024	Man late 40s, salt-and-pepper beard, laughing hard against a bus seat	bus-road	day	adults	close	GREEN		
a1-234	a1/2024	Two young men play chess on a deck; one looks up smirking; bay, docks and mountains behind	camp	day	young-men	medium	AMBER	deck over a bay; shared description with neighbour	shared
a1-235	a1/2024	Two young men play chess on a deck; one looks up smirking; bay, docks and mountains behind	camp	day	young-men	medium	AMBER	deck over a bay; shared description with neighbour	shared
a1-236	a1/2024	Two young men play chess on a deck; one looks up smirking; bay, docks and mountains behind	camp	day	young-men	medium	AMBER	deck over a bay; shared description with neighbour	shared
a2-000	a2/2019	Group selfie of five: three youths and two men, grey industrial building and car park	bus-road	day	mixed	medium	AMBER	pre-departure, urban	
a2-001	a2/2019	Three men on a gravel path in camo hats, barn and white van behind, overcast	bus-road	day	adults	medium	GREEN		
a2-002	a2/2019	Yellow school bus small on a winding gravel road through dense green forest, grey sky	bus-road	day	none	wide	GREEN		
a2-003	a2/2019	Young men and men with big colourful backpacks on an embankment beside the bus	bus-road	day	mixed	wide	GREEN	verify faces at distance	
a2-004	a2/2019	Youth in a black hoodie, from behind, in a mossy clearing with a big weathered stump	forest	day	young-men	medium	GREEN	back to camera	
a2-005	a2/2019	Man in orange cap and tan overalls gestures, speaking to teenagers in a clearing	forest	day	mixed	medium	AMBER	verify whether the teens' faces show	
a2-006	a2/2019	Group raises a large green tarp over poles on a pebble beach; lake and misty mountains	beach	day	unclear	wide	GREEN		
a2-007	a2/2019	Selfie: man 40s, grey hair, black shirt with man 30s in a red shirt; forest	forest	day	adults	close	GREEN		
a2-008	a2/2019	Large group stands in a circle in a dirt clearing, dense trees, flat light	camp	day	unclear	wide	GREEN	circle: confirm not a ceremony	
a2-009	a2/2019	Group circle under a dark cloudy sky, fire smoke in the centre, muted	fire	day	unclear	wide	GREEN	circle: confirm not a ceremony	
a2-010	a2/2019	Group doing push-ups on dirt, low angle, muted tones	camp	day	unclear	wide	GREEN		
a2-011	a2/2019	Selfie: man in red shirt, calm lake and foggy mountains behind	beach	day	adults	close	GREEN		
a2-012	a2/2019	Selfie: man in red shirt with an older man in black wide-brimmed hat and denim jacket; lake	beach	day	adults	close	GREEN		
a2-013	a2/2019	Man in camo bucket hat and grey shirt speaks to a seated group; black dog; tents behind	camp	day	mixed	medium	AMBER	verify seated faces	
a2-014	a2/2019	People around fires on a rocky beach at dusk, dark mountain across the water	fire	dusk	unclear	wide	GREEN		
a2-015	a2/2019	Selfie: man in red shirt and man in camo bucket hat under pine branches, mist	forest	day	adults	close	GREEN		
a2-016	a2/2019	Older man in glasses and purple jacket speaks holding a staff; group sits on logs on the beach	beach	day	mixed	medium	AMBER	verify; circle: confirm not a ceremony	
a2-017	a2/2019	Two red kayaks on a grey lake, misty mountains, overcast, centred	water	day	unclear	wide	GREEN		
a2-018	a2/2019	Kayaks farther out on the lake, vast muted landscape	water	day	unclear	wide	GREEN		
a2-019	a2/2019	Older man in a black tee among cut logs and sawdust in the forest	camp	day	adults	wide	GREEN		
a2-020	a2/2019	Youth and adults on a pebble beach look toward the water; kayaks on the ground; foggy mountain	beach	day	mixed	wide	GREEN	facing away toward the water	
a2-021	a2/2019	Two men 30s-40s smile for a photo: brimmed hat and blue jacket; grey tee; forest	forest	day	adults	close	GREEN		
a2-022	a2/2019	Back view of young men beside orange and blue kayaks watching instructors at the water	beach	day	mixed	medium	GREEN	backs	
a2-023	a2/2019	Low angle: group on logs around a campfire, a man lights a pipe, youths in hoodies watch	fire	day	mixed	medium	AMBER		
a2-024	a2/2019	Wide low-angle campfire group on the pebble beach, dark forest, dramatic grey sky	fire	day	mixed	wide	GREEN		
a2-025	a2/2019	Men and young men in a circle on the beach; man in red plaid speaks; mountains	beach	day	mixed	medium	AMBER	verify; circle: confirm not a ceremony	
a2-026	a2/2019	Two men grapple on the rocky beach, others watch, mountains and water behind	beach	day	adults	medium	GREEN		
a2-027	a2/2019	High angle: group on benches in a clearing, man in grey stands gesturing, smoke from a fire pit	fire	day	unclear	wide	GREEN	circle: confirm not a ceremony	
a2-028	a2/2019	Man in camouflage addresses a group on grey rocks by blue-grey water, misty mountains	beach	day	mixed	wide	GREEN		
a2-029	a2/2019	Detail: propane torch lights charcoal and wood in a metal grill, orange flame and smoke	kitchen	day	none	detail	GREEN	hands only	
a2-030	a2/2019	Four teens walk forward on a dirt path; centre-left in a grey Bench hoodie gestures; tents behind	camp	day	young-men	medium	AMBER		
a2-031	a2/2019	Man in a black cap grills zucchini on a flat-top; two men smile behind; covered outdoor kitchen	kitchen	day	adults	close	GREEN		
a2-032	a2/2019	Extreme wide: massive circular bonfire in a clearing, large group on benches around it	fire	night	unclear	wide	GREEN		
a2-033	a2/2019	Night bonfire, sparks rising, ~20 seated in a circle on the ground	fire	night	unclear	wide	GREEN		
a2-034	a2/2019	Young men and men in a mossy clearing; man in a grey jacket addresses them; huge mossy trunks	forest	day	mixed	wide	GREEN	verify faces at distance	
a2-035	a2/2019	Two middle-aged men shake hands; several young men observe in the background	forest	day	mixed	medium	GREEN	young men in background; verify	
a2-036	a2/2019	The same two men side by side facing camera; young people behind	forest	day	mixed	medium	GREEN	young men in background; verify	
a2-037	a2/2019	Over the shoulder of a man in an orange jacket explaining a task to ~15 young men in rain gear	forest	day	mixed	medium	AMBER	young men facing camera, listening	
a2-038	a2/2019	High angle: fork in a muddy trail, people dispersed, one in a yellow raincoat, moss everywhere	forest	day	unclear	wide	GREEN		
a2-039	a2/2019	Two men in their 20s selfie, open-mouthed joy, calm blue sea behind	beach	day	adults	close	GREEN		
a3-000	a3/2016	Group portrait: twelve young men and two older men in two rows, light-blue arm bandanas, smiling	forest	day	mixed	medium	AMBER	group portrait	
a3-001	a3/2016	Older man with long wavy grey hair and goatee, gentle smile, cream hoodie, purple pendant	forest	day	adults	medium	GREEN		
a3-002	a3/2016	Two men in camo build a log raft on a pebble beach with yellow rope	beach	day	adults	medium	GREEN		
a3-003	a3/2016	Large gathering in a forest clearing near boulders, a briefing or transition	forest	day	unclear	wide	GREEN		
a3-004	a3/2016	Two men in their 20s crouch on a path grinning at camera; black cap; purple gaiter	forest	day	adults	medium	GREEN		
a3-005	a3/2016	Grey pebble beach at dusk, bleached driftwood, calm bay reflecting an overcast sky	beach	dusk	none	wide	GREEN		
a3-006	a3/2016	Line of ~8 young men with big packs and sleeping pads on a mossy path, facing left, ready to go	forest	day	young-men	medium	AMBER	profiles; strong walk-in frame if approved	
a3-007	a3/2016	Young man in a khaki hat with a huge pack walks across a pebble beach; lake and misty mountains	beach	day	young-men	medium	AMBER	side view under a hat; may crop to GREEN	
a3-008	a3/2016	Teen 16-18 in a yellow bandana, arms crossed, serious, big pack, lake blurred behind	beach	day	young-men	close	AMBER		
a3-009	a3/2016	Teen in orange plaid walks toward camera under an oversized pack with a sleeping bag	forest	day	young-men	medium	AMBER		
a3-010	a3/2016	Two teens in profile against the lake; one in a brown rain poncho and yellow scarf with pack	beach	day	young-men	close	AMBER		
a3-011	a3/2016	Teen holds a silver hard-shell suitcase in front of a hedge; yellow scarf, black backpack	camp	day	young-men	medium	AMBER		
a3-012	a3/2016	Man in camo hat plays a djembe on the beach; teen in maroon tee and blue bandana leans back watching	beach	day	mixed	medium	AMBER		
a3-013	a3/2016	Young person with long hair, glasses and blue bandana crosses a rocky beach with a large pack	beach	day	young-men	medium	AMBER		
a3-014	a3/2016	Grey lake under heavy overcast, a small white dinghy with two occupants, fogged mountains	water	day	unclear	wide	GREEN	monochrome look	
a3-015	a3/2016	Yellow and red kayaks on the rocky shore, people in life vests preparing gear	beach	day	unclear	wide	GREEN		
a3-016	a3/2016	Teen in red bandana and purple life vest sits in a yellow kayak on shore, looks to camera	beach	day	young-men	medium	AMBER		
a3-017	a3/2016	Fleet of ~7 kayaks tiny on a glassy lake; dark mountains topped with cloud	water	day	unclear	wide	GREEN		
a3-018	a3/2016	Fisheye panorama of the beach: driftwood piles, beached kayaks, a line of people right, blue sky	beach	day	unclear	wide	GREEN	fisheye distortion	
a3-019	a3/2016	Young man in a red life vest leaps mid-air from a red kayak onto the shore with a paddle	beach	day	young-men	medium	AMBER	action; verify face	
a3-020	a3/2016	Two young men paddle a red tandem kayak; a raft with people and other kayakers behind	water	day	young-men	medium	GREEN	verify faces are not toward camera	
a3-021	a3/2016	Man early 30s in a white inflatable boat, serious, calm lake and forest	water	day	adults	medium	GREEN		
a3-022	a3/2016	Shirtless man stands in the water, head and arms covered in soap lather, scrubbing	water	day	adults	medium	GREEN		
a3-023	a3/2016	Eight young men and men bend long branches into a dome frame in a grassy clearing	camp	day	mixed	wide	GREEN	verify faces	
a3-024	a3/2016	Row of teens on a fallen log; the centre one in a red bandana holds a cup and talks	forest	day	young-men	medium	AMBER		
a3-025	a3/2016	Two men selfie shouting or laughing: turquoise shirt; black cap; tree trunk behind	forest	day	adults	close	GREEN		
a3-026	a3/2016	Young men and men step over logs down a muddy fern trail, high angle down the trail	forest	day	mixed	medium	GREEN	verify faces (likely looking down)	
a3-027	a3/2016	~20 teens gathered in the forest; man in a black cap gestures instructions	forest	day	mixed	medium	AMBER		
a3-028	a3/2016	Profile close-up: blond teen with a yellow bandana headband and a blue paint streak, steady gaze	forest	day	young-men	close	AMBER	strong portrait	
a3-029	a3/2016	Teen with blue forehead markings cheers toward camera; others excited, a red cloth held up	forest	day	young-men	medium	AMBER		
a3-030	a3/2016	Teen in grey runs down a dirt path, orange bandana on his arm, low-angle tracking	forest	day	young-men	medium	AMBER	verify	
a3-031	a3/2016	Two young men run toward camera through ferns, camera moving back	forest	day	young-men	medium	AMBER		
a3-032	a3/2016	Teen looks straight into the lens, red marks on both cheeks, intense, golden light	forest	day	young-men	close	AMBER	strong portrait	
a3-033	a3/2016	Overhead into a forest hollow: young men standing, one in red pants gestures; back of a head foreground	forest	day	young-men	wide	GREEN	verify faces	
a3-034	a3/2016	Blond teen in a blue Nike tee smiles left, small blue cheek mark; another behind	forest	day	young-men	close	AMBER		
a3-035	a3/2016	Ten young men (12-16) stand in a circle among mossy cedars, wide	forest	day	young-men	wide	GREEN	faces small; circle: confirm not a ceremony	
a3-036	a3/2016	Two men at a big charcoal grill full of patties, smoke; white canopy and trailer behind	kitchen	day	adults	medium	GREEN		
a3-037	a3/2016	Four on a mossy log: man in khaki hat, young man in red pants pointing, teen with blue face paint, older man with mug	forest	day	mixed	medium	AMBER		
a3-038	a3/2016	Two young men (late teens) each raise a hand, focused on something off-camera	forest	day	young-men	medium	AMBER		
a3-039	a3/2016	Profile: teen with three blue paint strokes across cheek and forehead, stoic	forest	day	young-men	close	AMBER	strong portrait	
a3-040	a3/2016	Two men sit before a canvas tent with a wooden MESS HALL sign; green sweater, red bandana	camp	day	adults	medium	GREEN		
a3-041	a3/2016	River view: green dome tent and white tarp on the far pebble shore, figures at the water	water	day	unclear	wide	GREEN	vintage look	
a3-042	a3/2016	Young men wade in the shallow green river, some shirtless; stones and driftwood foreground	water	day	young-men	medium	AMBER	verify	
a3-043	a3/2016	Teen in grey hoodie and camo pants plays a dark wooden flute on a log	forest	day	young-men	medium	AMBER		
a3-044	a3/2016	Nine teens waist-deep in the river posing, some flexing; mountain behind	water	day	young-men	medium	AMBER		
a3-045	a3/2016	Shirtless blond teen in the water about to throw a water-polo ball, white cheek mark	water	day	young-men	medium	AMBER		
a3-046	a3/2016	Long-haired young man swimming, yellow ribbon, big joyful smile at camera	water	day	young-men	close	AMBER		
a3-047	a3/2016	Man ladles boiled potatoes from a huge pot; young man in a hat waits with a plate; checkered cloth	kitchen	day	mixed	medium	AMBER	verify the young man's face	
a3-048	a3/2016	Profile: older man, grey goatee, turquoise and wood beads, contemplative	forest	day	adults	close	GREEN		
a3-049	a3/2016	Man 40s-50s in skull cap and clear glasses, broad smile to lens; blue tent behind	camp	day	adults	close	GREEN		
a3-050	a3/2016	Six men waist-deep in a calm clear lake, sky reflected, mountains	water	day	adults	wide	GREEN		
a3-051	a3/2016	Shirtless young man (late teens) with a striped towel over his shoulder in the forest	forest	day	young-men	medium	AMBER		
a3-052	a3/2016	Same young man, slightly different angle, looking off-camera	forest	day	young-men	medium	AMBER	near-duplicate of a3-051	
a3-053	a3/2016	Shirtless young man in camo pants gives a thumbs-up and smiles at camera; camp behind	camp	day	young-men	medium	AMBER		
a3-054	a3/2016	Child in the lake looks back joyfully; back of a shirtless man's head foreground	water	day	mixed	close	AMBER	child looks under 12	
a3-055	a3/2016	Man in a blue life vest and white cap paddles a yellow kayak, side view, overcast	water	day	adults	medium	GREEN		
a3-056	a3/2016	Single yellow kayak tiny on a massive lake, mountains lost in low cloud	water	day	unclear	wide	GREEN		
a3-057	a3/2016	A head bursts from the water in a chaotic white spray that hides the face	water	day	unclear	close	GREEN	face obscured by spray	
a3-058	a3/2016	Young man with a mohawk in a yellow kayak looks down at the water, golden light	water	day	young-men	medium	AMBER		
a3-059	a3/2016	White-bearded shirtless man in his 60s smiles warmly, backlit glowing maple leaves	forest	day	adults	close	GREEN		
a3-060	a3/2016	Child with long blonde hair lies prone on a floating log, mischievous grin	water	day	young-men	medium	AMBER	child looks under 12	
a3-061	a3/2016	Two men sit on the ground; one in a leather cowboy hat and Belmont Bulldogs tee gestures as he talks	camp	day	adults	medium	GREEN		
a3-062	a3/2016	Two men pose smiling: white tee; cowboy hat with white cloth at the neck	forest	day	adults	close	GREEN		
a3-063	a3/2016	Man (bald, glasses, yellow gaiter), young man ~12 in a TNT hoodie, young man in white v-neck on a log	forest	day	mixed	medium	AMBER		
a3-064	a3/2016	Three older men candid: tan sun hat; white beard, cowboy hat, tattooed forearms; long grey hair leaning on a staff	forest	day	adults	medium	GREEN		
a3-065	a3/2016	Four teens in a row on a log: blue tee, striped hoodie, sunglasses, Adidas tee	forest	day	young-men	medium	AMBER		
a3-066	a3/2016	Profile: young man ~13 in a grey hood holds a small black device, intent	forest	day	young-men	close	AMBER		
a3-067	a3/2016	Young man rests his chin on his hand, thoughtful; person behind with an orange bandana over the eyes	forest	day	young-men	close	AMBER		
a3-068	a3/2016	Wide dirt clearing; bearded young man in a cap in profile foreground; a long line seated on a log watching	camp	day	mixed	wide	GREEN	verify the foreground profile	
a3-069	a3/2016	Group photo of ~10 young men on a rocky shore, bright lake and mountains	beach	day	young-men	wide	AMBER	group photo	
a3-070	a3/2016	Similar group of ~12 on the shore, arms up in V signs, cheering	beach	day	young-men	wide	AMBER	group photo	
a3-071	a3/2016	Young men and men run left to right across a sunlit dirt clearing	field	day	mixed	wide	GREEN		
a3-072	a3/2016	Young man in a red 19 shirt runs through a crowd clutching a white ball; interceptor in a gaiter	field	day	mixed	medium	AMBER		
a3-073	a3/2016	Young man in a teal tee runs at camera with the ball, yelling with joy	field	day	young-men	medium	AMBER		
a3-074	a3/2016	Scrum for the white ball in the middle of the clearing; lake between the trees	field	day	mixed	wide	GREEN		
a3-075	a3/2016	Closer on the scrum; man in grey protects the ball, lens flare	field	day	mixed	medium	AMBER	verify	
a3-076	a3/2016	Man in grey throws the ball high; everyone looks up	field	day	mixed	wide	GREEN		
a3-077	a3/2016	Large group of males of all ages in a dusty clearing, trees and water behind	field	day	mixed	wide	GREEN	verify faces at distance	
a3-078	a3/2016	Young men huddle grasping a man in a light tee in the tackle game; man in black watches	field	day	mixed	medium	AMBER	verify	
a3-079	a3/2016	Men reach for a giant purple exercise ball in the air; young man foreground with back to camera; truck, checkered table	field	day	mixed	wide	GREEN		
a3-080	a3/2016	Curly-haired teen in black long-sleeve and red shorts runs with the rugby ball; another alongside	field	day	young-men	medium	AMBER		
a3-081	a3/2016	Friendly scrum around a man in grey; young man in a red tee behind	field	day	mixed	medium	AMBER	verify	
a3-082	a3/2016	Young man in a white tee hit by a spray of water; man in black foreground turned away	field	day	mixed	medium	AMBER	verify	
a3-083	a3/2016	~11 young men and men sit side by side on a very long log, posed	forest	day	mixed	medium	AMBER	group photo	
a3-084	a3/2016	Man flanked by two teens, arms around each other, in front of the yellow school bus	bus-road	day	mixed	medium	AMBER		
a4-000	a4/2015	Tight circle of young men and men in the woods, focused on a man in black speaking	forest	day	mixed	wide	GREEN	circle: confirm not a ceremony	
a4-001	a4/2015	Long line of men in a loose semi-circle, low golden sun flare, looking right	forest	day	adults	wide	GREEN	circle: confirm not a ceremony	
a4-002	a4/2015	Three men clown with a yellow LATRINE sign in a dirt car park	bus-road	day	adults	medium	GREEN	joke frame	
a4-003	a4/2015	Silhouettes from behind: a small group on a rocky beach looking at huge forested mountains	beach	dusk	unclear	wide	GREEN	late afternoon; serene	
a4-004	a4/2015	Two men on a driftwood log by the water; one in a white hat with tattoos talks	beach	day	adults	medium	GREEN		
a4-005	a4/2015	Bearded man in grey cap and camo shorts smiles broadly on the rocky beach, pilings behind	beach	day	adults	medium	GREEN		
a4-006	a4/2015	Two men in martial-arts stances on the pebble beach, fists raised; calm water	beach	day	adults	wide	GREEN		
a4-007	a4/2015	Young woman in a blue hoodie hikes through mossy woods with mat, pillow and duffel	forest	day	mixed	medium	FLAG	woman	
a4-008	a4/2015	Man in orange tee and blue hat talks with a man in camo pants and a large red pack on the path	forest	day	adults	medium	GREEN		
a4-009	a4/2015	Man in black tee and backwards cap crouches in dark forest holding stones, intense	forest	day	adults	medium	GREEN		
a4-010	a4/2015	Profile: older man, grey hair, blue button-down, holds a leaf sprig; soft mossy background	forest	day	adults	close	GREEN		
a4-011	a4/2015	Detail: tree trunk with brown moss and white fungi arranged like a face	forest	day	none	detail	GREEN		
a4-012	a4/2015	Teen hiker in a grey cap with a red backpack on a fern-lined trail	forest	day	young-men	medium	AMBER	verify direction	
a4-013	a4/2015	Man in a grey tank top slumped on a mossy log, head in hand, exhausted; gear	forest	day	adults	medium	GREEN	honest fatigue frame	
a4-014	a4/2015	Man in his 20s carries a blue mat through tall ferns, looks back smiling	forest	day	adults	medium	GREEN		
a4-015	a4/2015	Man in a straw hat and grey tank stands arms crossed before a fern wall, gaze down	forest	day	adults	medium	GREEN		
a4-016	a4/2015	Young man with long hair walks a mossy path under an oversized black backpack, framed by big trees	forest	day	young-men	medium	AMBER	verify direction; looks under 12	
a4-017	a4/2015	Young man in a purple shirt carries black gear on the trail; man in blue behind	forest	day	mixed	medium	AMBER		
a4-018	a4/2015	Young man in a grey hoodie walks toward camera with bags; a man watches from the side	forest	day	mixed	medium	AMBER		
a4-019	a4/2015	Young man in blue flannel walks forward holding a red bottle, blue backpack; man behind	forest	day	mixed	medium	AMBER	looks under 12	
a4-020	a4/2015	From behind: yellow kayak with a red-vested paddler crossing a calm lake toward dark forest	water	day	unclear	wide	GREEN	back to camera	
a4-021	a4/2015	Man ~50 in a tan bucket hat leans on a pipe railing, neutral; camp gear blurred	camp	day	adults	medium	GREEN		
a4-022	a4/2015	Four young men (10-15) sit on a weathered log in a dirt clearing	camp	day	young-men	medium	AMBER		
a4-023	a4/2015	Dark green kitchen truck with a white THANK YOU sign; people climbing on the back	camp	day	unclear	wide	GREEN		
a4-024	a4/2015	Adults and young men talk in a wooded clearing, partly hidden by branches; big logs	forest	day	mixed	wide	GREEN	verify	
a4-025	a4/2015	Two men walk past: older Black man in a striped shirt and red scarf; man in denim jacket and cap	forest	day	adults	close	GREEN		
a4-026	a4/2015	Bald man in his 60s with glasses walks toward camera smiling; tent frame going up behind	camp	day	adults	medium	GREEN		
a4-027	a4/2015	Man in his 40s in a yellow kayak with paddle smiles at camera	water	day	adults	close	GREEN		
a4-028	a4/2015	Man with back to camera (white shirt, yellow bandana) addresses a semi-circle of young men on a sandy shore	beach	day	mixed	medium	AMBER	young men face camera; verify	
a4-029	a4/2015	Two men in folding chairs: orange neckerchief; camo pants with a blue bottle; checkered cloth	camp	day	adults	medium	GREEN		
a4-030	a4/2015	Young man in a grey hoodie climbs a tall wooden A-frame, low angle	forest	day	young-men	medium	AMBER	verify	
a4-031	a4/2015	High angle on the same young man tying a thick white rope on a beam	forest	day	young-men	close	GREEN	hands and top of head; verify	
a4-032	a4/2015	Vertical: young man in red reaches the top of a plywood climbing wall; spotters below	forest	day	mixed	medium	GREEN	vertical; likely from behind; verify	
a4-033	a4/2015	Vertical high angle: five children crawl on hands and knees up a steep mossy fern hill	forest	day	young-men	wide	GREEN	vertical; from behind and above	
a4-034	a4/2015	Low angle up a steep hill: five youths crawl upward through moss and ferns	forest	day	young-men	medium	GREEN	verify faces (likely down)	
a4-035	a4/2015	High angle: five teens and two men around a tall wooden frame with a black panel; man with a camera	forest	day	mixed	medium	GREEN	verify	
a4-036	a4/2015	Seven young men (10-15) in a line on a dirt trail; one with yellow face paint	forest	day	young-men	medium	AMBER		
a4-037	a4/2015	High angle: a line of children crawls through a narrow dirt trench while adults watch from the banks	forest	day	mixed	wide	GREEN		
a4-038	a4/2015	Six young men in a circle on a path in discussion; one in red faces away	forest	day	young-men	medium	AMBER	verify	
a4-039	a4/2015	Low angle from behind: five young men walk away down a trail, one in tie-dye with arms outstretched	forest	day	young-men	medium	GREEN	backs	
a4-040	a4/2015	Adults and teens assemble a dome of thin wooden poles in a clearing	camp	day	mixed	wide	GREEN		
a4-041	a4/2015	Wide: ~20 gathered in a mossy glen listening to a central figure; massive trunks	forest	day	mixed	wide	GREEN	circle: confirm not a ceremony	
a4-042	a4/2015	Tracking: young man with a yellow headband and tie-dye walks toward camera, others follow	forest	day	young-men	medium	AMBER		
a4-043	a4/2015	Teens sit and stand in a circle around a man in a red jacket and hat who gestures	forest	day	mixed	wide	GREEN	circle: confirm not a ceremony	
a4-044	a4/2015	Six youths in a line practise striking motions in unison; ferns foreground	forest	day	young-men	medium	AMBER	verify (side view)	
a4-045	a4/2015	Panning: young men and men sprint left along the rocky beach; blue lake, misty mountains	beach	day	mixed	wide	GREEN		
a4-046	a4/2015	Group on the shore holds long grey padded poles; young man in grey hoodie and teal cap centre; older man on a log	beach	day	mixed	medium	AMBER		
a4-047	a4/2015	Same young man in the teal cap looks at camera holding a padded pole; two older men look on	beach	day	mixed	close	AMBER		
a4-048	a4/2015	Rocky shore, ~15 gathered by the forest edge, yellow kayak on a grey lake, misty mountains	beach	day	mixed	wide	GREEN		
a4-049	a4/2015	Two men on a log in a rustic log shelter face an audience seen from behind; pamphlet	camp	day	mixed	medium	GREEN	audience backs; circle: confirm not a ceremony	
a4-050	a4/2015	High angle over a dry-grass clearing; group clustered left by equipment and a white flag; water beyond	field	day	unclear	wide	GREEN		
a4-051	a4/2015	Young men listen to a man in black at the centre; blue and yellow ribbons on shoulders and heads	forest	day	mixed	medium	AMBER	circle: confirm not a ceremony	
a4-052	a4/2015	Bearded man in plaid stands arms crossed atop a massive mossy stump with saplings growing from it	forest	day	adults	medium	GREEN		
a4-053	a4/2015	Person in dark plaid hidden by ferns holds a long blue ribbon overhead	forest	day	unclear	medium	GREEN		
a4-054	a4/2015	Five young men walk a path through old growth and ferns, coloured tees	forest	day	young-men	medium	AMBER	verify direction	
a4-055	a4/2015	Young man in a blue headband crouches athletically mid-game; others have ribbons at their waists	forest	day	young-men	medium	AMBER	verify	
a4-056	a4/2015	Three young men between big trunks; one looks down at branches, one in a cap	forest	day	young-men	medium	AMBER	verify	
a4-057	a4/2015	Young men climb over mossy fallen logs through thick ferns	forest	day	young-men	medium	GREEN	verify faces	
a4-058	a4/2015	From behind: young man in blue tee and camo hat runs the trail, ribbon at his waist; another watches	forest	day	young-men	medium	GREEN	back	
a4-059	a4/2015	Young man crouches low among tall ferns; others move through the trees behind	forest	day	young-men	medium	GREEN	verify face	
a4-060	a4/2015	Seven young men and one adult sit on a long log, tired but content; yellow ear muffs	camp	day	mixed	medium	AMBER		
a4-061	a4/2015	Wide: ~25 in a circle in a clearing, some on logs; man in white addresses them	forest	day	mixed	wide	GREEN	circle: confirm not a ceremony	
a4-062	a4/2015	~20 males of all ages clustered in a clearing under towering evergreens	forest	day	mixed	medium	GREEN	verify faces at distance	
a4-063	a4/2015	Line of ~10 young men do push-ups in unison on gravel; white trailer and blue canopies behind	camp	day	young-men	wide	GREEN	faces down	
a4-064	a4/2015	Extreme wide: open gravel clearing ringed by evergreens, grey sky, small group by a structure	camp	day	unclear	wide	GREEN		
a4-065	a4/2015	Dirt path through mossy trees and ferns; 6-8 people in purple and blue jackets gathered	forest	day	unclear	wide	GREEN		
a4-066	a4/2015	Two men in red shirts stand before a rounded structure covered in black plastic; debarked log	camp	day	adults	medium	GREEN	structure looks like a sweat lodge; confirm	
a4-067	a4/2015	Shirtless young man in camo pants and orange bandana at the entrance of the black tarp mound; others crouch to enter	camp	day	young-men	medium	CEREMONY	young men entering a lodge-like structure	
a4-068	a4/2015	~30-40 males seated on a huge log ring in a gravel clearing; Canadian flag on a pole; forested hills	camp	day	mixed	wide	GREEN	circle: confirm not a ceremony	
a4-069	a4/2015	Shirtless young man in orange bandana holds a metal pipe like a bat, wide joyful smile; misty lake	beach	day	young-men	close	AMBER	verify age (may be an adult)	
a4-070	a4/2015	A dozen young men sit side by side on a log; white trailer behind; dappled light	camp	day	young-men	medium	AMBER		
a4-071	a4/2015	Line of men in boxing stances, fists up; man in a brown hat with a blue ribbon foreground	camp	day	adults	medium	GREEN		
a4-072	a4/2015	Shirtless young man in orange bandana leads a group of young men, gesturing; yellow kayaks behind	forest	day	mixed	medium	AMBER		
a4-073	a4/2015	Two lines face each other in the gravel clearing, men left and young men right; bald man in teal shakes each hand	camp	day	mixed	wide	CEREMONY	handshake lines	
a4-074	a4/2015	Handshake lines from another angle; man with a yellow scarf over his shoulder foreground	camp	day	mixed	wide	CEREMONY	handshake lines	
a4-075	a4/2015	Silver-haired man in a navy polo smiles as he shakes a young man's hand; man in a brown hat looks on	forest	day	mixed	close	CEREMONY	handshake lines	
a4-076	a4/2015	Older man in black cap and quilted vest smiles, hand on the shoulder of a young man in a blue tank top	forest	day	adults	close	GREEN	the young man is 20s per the description	
a4-077	a4/2015	Tanned man in a black tee with yellow logo crosses arms, smiling at camera	forest	day	adults	medium	GREEN		
a4-078	a4/2015	Two men wrestle in lake water, heavy splashing, desaturated	water	day	adults	medium	GREEN		
a4-079	a4/2015	Man in his 20s with a yellow headband sprints through shallow water, splashing	water	day	adults	medium	GREEN		
a4-080	a4/2015	Man in a colourful sun hat and rainbow trunks held by another man in the water; misty lake	water	day	adults	medium	GREEN		
a4-081	a4/2015	Large group of men and young men posed on the pebble beach, soft morning light, misty lake	beach	day	mixed	wide	AMBER	group photo	
a4-082	a4/2015	Same group cheers with raised arms	beach	day	mixed	wide	AMBER	group photo; faces small	
a4-083	a4/2015	Man in a black tee speaks to camera vlog-style; older man in a straw hat walks behind	forest	day	adults	close	GREEN		
a4-084	a4/2015	Group forms a large circle in the dirt clearing; two men from behind foreground; high angle	camp	day	mixed	wide	CEREMONY	opening/closing circle sequence (a4-084 to a4-087)	
a4-085	a4/2015	Over the shoulder: a row of men with arms linked facing a central circle; lake shore	camp	day	mixed	wide	CEREMONY	arms-linked circle	
a4-086	a4/2015	Two lines of men face each other in the dirt clearing; bearded man from a4-076 on the right	camp	day	mixed	medium	CEREMONY	facing lines	
a4-087	a4/2015	Close on young men in line, some shirtless, arms around each other, focused	camp	day	young-men	medium	CEREMONY	facing lines, faces visible	
a5-000	a5/2014	Large group photo on the beach in bright sun, everyone cheering arms up; lake and mountains	beach	day	mixed	wide	AMBER	group photo	
a5-001	a5/2014	Three older men in straw hat, camo hat and fedora laugh on the rocky beach	beach	day	adults	medium	GREEN		
a5-002	a5/2014	Pebble beach at sunrise: golden flare, mist rising off calm water, weathered posts, dark hillside	beach	day	none	wide	GREEN	sunrise; heavy flare	
a5-003	a5/2014	Two men on the sunrise beach: plaid shirt and bucket hat; black tee with a stack of white binders	beach	day	adults	medium	GREEN		
a5-004	a5/2014	Closer on the same two men, smiling at camera, backlit haze	beach	day	adults	close	GREEN		
a5-005	a5/2014	Dirt clearing: white truck and raised green-canopied platform; ~15 young men queue toward it	camp	day	young-men	wide	GREEN	faces small; verify	
a5-006	a5/2014	High angle over a vast blue lake and hazy mountains; man in camo tee and green bucket hat sits on the shore	beach	day	adults	wide	GREEN		
a5-007	a5/2014	Older man in a tan fedora in a lawn chair, arms spread wide, telling a story to a young person whose back is to camera	camp	day	mixed	medium	GREEN	young person seen from behind (orange bandana)	
a5-008	a5/2014	Young man in orange bandanas smiles at camera beside an older man in green tee and tan hat; poles behind	forest	day	mixed	medium	AMBER		
a5-009	a5/2014	Grey-haired man with a tall walking staff walks away down a grassy path toward a distant circle of ~20	forest	day	mixed	wide	GREEN	circle in the distance	
a5-010	a5/2014	Four men talk around a small fire area marked by a log: bandana, cap, grey vest, red shorts	fire	day	adults	medium	GREEN		
a5-011	a5/2014	Bird's-eye through branches: group on a rocky bank beside a clear shallow stream, bandanas	water	day	unclear	wide	GREEN		
a5-012	a5/2014	Man in grey tee watches young men around a person lying on the ground in red, a first-aid scenario	water	day	mixed	medium	AMBER	verify faces	
a5-013	a5/2014	Older man in a white cap leans both hands on a walking staff; red-haired bearded man in green vest behind; serious	forest	day	adults	close	GREEN		
a5-014	a5/2014	Cluttered campsite: crates, orange buckets, tarp, poles, tent; young man in a white headband in a chair looks to camera	camp	day	mixed	medium	AMBER		
a5-015	a5/2014	Man on the steps of a raised trailer under a green awning; two men from behind; man in yellow points	camp	day	adults	medium	GREEN		
a5-016	a5/2014	Man in green tee and white cap on the beach; grey RIB with twin outboards and two uniformed men	beach	day	adults	medium	GREEN	police or rescue boat visit	
a5-017	a5/2014	Man in orange gloves cuts a log with an orange chainsaw on the beach; young man on a log watches	beach	day	mixed	medium	AMBER	verify the watcher's face	
a5-018	a5/2014	Four men in their 40s-60s in camp chairs behind a log; campfire in a stone ring foreground	fire	day	adults	medium	GREEN		
a5-019	a5/2014	~8 young men (10-18) sit in a row on a long log listening to someone off-camera	camp	day	young-men	medium	AMBER		
a5-020	a5/2014	Eight young men on a log around a fire pit holding white plates	fire	day	young-men	medium	AMBER		
a5-021	a5/2014	Bearded man in glasses with a red bag over his shoulder points off-screen; campers on logs behind	camp	day	adults	medium	GREEN		
a5-022	a5/2014	Young men line up on metal stairs into a green canvas-covered truck; checkered food table left	kitchen	day	young-men	medium	GREEN	moving away toward the truck; verify	
a5-023	a5/2014	Two men in their 50s in camp chairs on a dirt path, one gesturing as he talks	camp	day	adults	medium	GREEN		
a5-024	a5/2014	Young man with long hair, beard, glasses, white headband and tank top holds a thin white staff; kitchen trailer behind	camp	day	young-men	medium	AMBER	may be an adult; verify	
a5-025	a5/2014	Man in blue cap and red scarf sits on the ground smiling; fire area and others behind	fire	day	adults	medium	GREEN		
a5-026	a5/2014	Older man in grey and camo shorts sits in a blue chair gesturing; young man in an orange tee stands behind him	camp	day	mixed	medium	AMBER		
a5-027	a5/2014	Wider: the same man leans back, legs crossed; the young man in orange beside him	camp	day	mixed	medium	AMBER	near-duplicate of a5-026	
a5-028	a5/2014	Man in green sun hat, glasses and denim jacket sits in a chair looking into the distance; water through trees	camp	day	adults	medium	GREEN		
a5-029	a5/2014	Five young men on a debarked log, three with hoods up, serious or tired	camp	day	young-men	medium	AMBER		
a5-030	a5/2014	Young man 10-12 in a grey GAP hoodie sits alone on a fallen log, looking aside; whiteboard behind	camp	day	young-men	medium	AMBER		
a5-031	a5/2014	Silhouetted evergreens frame water with a low sun's golden glare	water	dusk	none	wide	GREEN		
a5-032	a5/2014	Two men in their 30s talk in profile on a gravel path: grey hoodie; blue shirt and beads	camp	day	adults	medium	GREEN		
a5-033	a5/2014	Man in tan hiking shirt, sun hat, sunglasses and a sheathed sword at his belt looks into the distance	camp	day	adults	medium	GREEN		
a5-034	a5/2014	~15 young men and men cross a big gravel clearing in small groups, sun through the trees	camp	day	mixed	wide	GREEN		
a5-035	a5/2014	Four men in blue lawn chairs behind a log face camera; one holds a feathered staff; lake behind	beach	day	adults	wide	GREEN		
a5-036	a5/2014	Young men and two men stand in a circle on moss; man in a red shirt reads from a small red booklet	forest	day	mixed	medium	CEREMONY	circle with a reading; confirm	
a5-037	a5/2014	Person sits on a mossy bank beside a fast rocky stream, heavy backlight	water	day	unclear	medium	GREEN		
a5-038	a5/2014	Close: man in a grey vest holds a young person's hand, examining a finger, by the stream	water	day	mixed	close	GREEN	hands; verify no face	
a5-039	a5/2014	~8 young men sit on a rocky riverbank; man in a fedora and blue shirt teaches in front of them	water	day	mixed	wide	AMBER	verify faces	
a5-040	a5/2014	From behind: single file of young men hike up a fern-lined path into sunlit forest	forest	day	young-men	wide	GREEN	backs; strong walk-in frame	
a5-041	a5/2014	Young man in a blue tee crawls across floating logs in a clear shallow pool	water	day	young-men	medium	GREEN	verify face at distance	
a5-042	a5/2014	Man in a tan hat and red sunglasses waves and grins at camera by the river	water	day	adults	close	GREEN		
a5-043	a5/2014	Same man, medium, slight smile; young men on the riverbank behind	water	day	mixed	medium	GREEN	young men in background; verify	
a5-044	a5/2014	Young man ~18 in glasses and cap holds a big black hand crank set in the ground, looks to camera	camp	day	young-men	medium	AMBER		
a5-045	a5/2014	Teen in a white tee probes the earth with a long-handled tool; older man in a straw hat in a chair behind	camp	day	mixed	medium	AMBER		
a5-046	a5/2014	Older man in a straw hat with a thermos speaks to a young man ~12 in a plaid shirt, dappled shade	forest	day	mixed	medium	AMBER		
a5-047	a5/2014	Two men in tan hats: olive scout shirt; grey tee	forest	day	adults	medium	GREEN		
a5-048	a5/2014	Man in his 60s in a tan bucket hat relaxed in a green camp chair; SUV through the leaves	camp	day	adults	medium	GREEN		
a5-049	a5/2014	Young man with long hair and white headband stands on a mossy rock at the creek looking into camera; others behind	water	day	young-men	medium	AMBER		
a5-050	a5/2014	Low angle: young man in a green tee reaches for a black bucket hanging from a branch; others look up	forest	day	mixed	medium	AMBER	verify	
a5-051	a5/2014	Three young men in a sunny clearing: white bandana; shirtless with grey bandana and black staff; shirtless in red shorts	forest	day	young-men	medium	AMBER		
a5-052	a5/2014	Man in camo bucket hat, white tee over grey sleeves, holds a water bottle, serious	forest	day	adults	medium	GREEN		
a5-053	a5/2014	Man in black long-sleeve and wide hat gestures upward on the pebble beach; young men seated around; pilings	beach	day	mixed	wide	GREEN	faces small; verify	
a5-054	a5/2014	Three young men on a driftwood log on the beach: glasses and bottle; neckerchief; grey tee	beach	day	young-men	medium	AMBER		
a5-055	a5/2014	High angle: young men hold planks on grass in coloured tees; adult in a chair foreground	field	day	mixed	wide	GREEN	faces down	
a5-056	a5/2014	Young man in blue tee and white cap swings a mallet at a wedge in a log; man in red cap with a tool	camp	day	mixed	medium	AMBER		
a5-057	a5/2014	Two men in camp chairs on gravel: camo tee with cup; striped polo; log foreground	camp	day	adults	medium	GREEN		
a5-058	a5/2014	Twilight lake: mountain silhouettes, a low orange sun or moon behind trees, driftwood shore, distant figures	beach	dusk	unclear	wide	GREEN		
a5-059	a5/2014	Man in a straw hat hunches over a log campfire, flames and smoke; dark tarp structure behind	fire	day	adults	medium	GREEN		
a5-060	a5/2014	Wide: people of all ages sit in a circle on logs and blue chairs around a smoking fire pit	fire	day	mixed	wide	GREEN	circle: confirm not a ceremony	
a5-061	a5/2014	Six males from teens to adults in a line, arms around shoulders, smiling	camp	day	mixed	medium	AMBER		
a5-062	a5/2014	Seven adolescent young men on a log eating burgers and hot dogs; a football on the ground	camp	day	young-men	medium	AMBER		
a5-063	a5/2014	Three men on a log facing camera, relaxed; sun-drenched campsite	camp	day	adults	medium	GREEN		
a5-064	a5/2014	Young man in a striped shirt bends to roll a green sleeping mat; others organise gear near a white tarp; sunbeams	camp	day	young-men	wide	GREEN	bending, face down; verify	
a5-065	a5/2014	Under a translucent white tarp: people arrange sleeping bags around a massive trunk	camp	day	unclear	medium	GREEN		
a5-066	a5/2014	Forest campsite: young men pack backpacks and clear debris, moss and ferns, white tarp	camp	day	young-men	wide	GREEN	verify faces	
a5-067	a5/2014	From behind: young man in black kicks a soccer ball on a dusty gravel field; others watch	field	day	young-men	medium	GREEN	back	
a5-068	a5/2014	Man with goatee and glasses in a bright red cap smiles widely	forest	day	adults	close	GREEN		
a5-069	a5/2014	~20 of all ages in a loose circle on the dirt field, every arm raised high	field	day	mixed	wide	GREEN		
a5-070	a5/2014	Man in a blue tee walks toward camera; behind him a dense scrum kicks up a cloud of dust	field	day	mixed	wide	GREEN		
a5-071	a5/2014	The scrum fully engaged, a huge dust cloud around their legs	field	day	mixed	wide	GREEN		
a5-072	a5/2014	High angle: adolescents play a high-energy game in heavy dust	field	day	young-men	wide	GREEN	handheld shake	
a5-073	a5/2014	Hikers with big technical packs walk the rocky shoreline behind a massive driftwood log	beach	day	unclear	wide	GREEN		
a6-000	a6/2012	Close: man with black and red horizontal stripes and tribal face paint, intense gaze off-camera	forest	day	adults	close	GREEN	face paint; confirm context before use	
a6-001	a6/2012	Line of teens in a clearing; red-haired one centre in a green tee; canvas teepee behind	camp	day	young-men	medium	AMBER		
a6-002	a6/2012	Young man ~14, blue eyes, yellow headband, looks into the lens with a slight smile; very bright	forest	day	young-men	close	AMBER	overexposed	
a6-003	a6/2012	Two men in white polos and caps beside a cream canvas teepee; one holds a white disc	camp	day	adults	wide	GREEN		
a6-004	a6/2012	Older man with a full grey beard, green bucket hat, seed-bead necklace, warm smile	forest	day	adults	close	GREEN		
a6-005	a6/2012	Three men: tan fishing vest and hat; white shirt and cap; blue polo arms crossed; teepee behind	camp	day	adults	medium	GREEN		
a6-006	a6/2012	Two young men ~13 in yellow headbands, red hoodie and black jacket, smile at camera	forest	day	young-men	medium	AMBER		
a6-007	a6/2012	~12 teens sit on a massive fallen log with arms extended horizontally; yellow neckerchiefs	forest	day	young-men	wide	AMBER	group photo	
a6-008	a6/2012	High angle: four young men around a black clipboard held by a blond young man in a yellow armband	forest	day	young-men	medium	GREEN	looking down at the clipboard; verify	
a6-009	a6/2012	Mobile kitchen trailer with metal stairs, canvas awnings and a white banner; no people	camp	day	none	wide	GREEN		
a6-010	a6/2012	Wider: the field kitchen trailer with a yellow box truck behind, flat light	camp	day	none	wide	GREEN		
a6-011	a6/2012	Vertical: one tall canvas teepee, poles protruding, in a dirt clearing among huge evergreens	camp	day	none	wide	GREEN	vertical	
a6-012	a6/2012	Three men before the kitchen trailer with banners: white polo; beard, eared hat and fishing vest; blue polo	camp	day	adults	wide	GREEN		
a6-013	a6/2012	Two men in the trailer kitchen with large metal pots: bearded in boonie hat; balding, smiling	kitchen	day	adults	medium	GREEN		
a6-014	a6/2012	Vertical: wooded path down to the lake, a group at the end of the path	forest	day	unclear	wide	GREEN	vertical	
a6-015	a6/2012	Two men embrace in the woods: orange cap; bearded man; hard side light	forest	day	adults	medium	GREEN		
a6-016	a6/2012	Youth group in a circle in the woods by the water; red headband; staff with a green flag	forest	day	young-men	medium	AMBER	verify; circle: confirm not a ceremony	
a6-017	a6/2012	Over young men's shoulders toward a group by the lake; man in camo hat; young man in red centre; mountains	beach	day	mixed	medium	GREEN	backs foreground; verify	
a6-018	a6/2012	Two men smile by the lake: bald with glasses; bearded; backlit water	beach	day	adults	medium	GREEN		
a6-019	a6/2012	Four men in a row by the lake in white and blue polos	beach	day	adults	medium	GREEN		
a6-020	a6/2012	Active camp: big white tent left, kitchen trailer right, people crossing a dirt lot by the lake	camp	day	unclear	wide	GREEN		
a6-021	a6/2012	Vertical low angle of a tall canvas teepee against blue sky and treetops	camp	day	none	wide	GREEN	vertical	
a6-022	a6/2012	Inside a big white tarp tent: sleeping bags, clothing and gear across the ground, no people	camp	day	none	medium	GREEN		
a6-023	a6/2012	Outdoor meal line: apples and condiments on a table; man in green serves from a big pot	kitchen	day	adults	wide	GREEN		
a6-024	a6/2012	Two people eat on a log by the sparkling lake: tan vest and hat; striped shirt and yellow scarf	beach	day	unclear	medium	GREEN	the yellow scarf may be a young man; verify	
a7-000	a7/2013	Group photo: seven young men and a bearded man in a white hat against a big trunk by the water	forest	day	mixed	medium	AMBER	group photo	
a7-001	a7/2013	Close: young man with freckles in a white tee looks up at camera, contemplative	unclear	day	young-men	close	AMBER	looks under 12	
a7-002	a7/2013	Teen with long dark curls, backwards cap and purple sunglasses in a bus seat, looking off-camera	bus-road	day	young-men	close	AMBER		
a7-003	a7/2013	Girl in a bus seat laughing, head back	bus-road	day	mixed	close	FLAG	girl	
a7-004	a7/2013	Same girl smiling straight into the lens, trees passing outside	bus-road	day	mixed	close	FLAG	girl	
a7-005	a7/2013	Bus aisle: young man with red beard, glasses and cap foreground; young men behind with peace signs	bus-road	day	mixed	medium	AMBER		
a7-006	a7/2013	Four men on the rocky lakeshore with a paddle, a walking stick and a tall staff; blue lake, hazy mountains	beach	day	adults	wide	GREEN	strong frame for The Men	
a7-007	a7/2013	Older man in khaki cap and red vest points, giving directions, flanked by two men	forest	day	adults	medium	GREEN		
a7-008	a7/2013	Close: teen in a white v-neck laughs looking right, warm sun, glint of water	forest	day	young-men	close	AMBER		
a7-009	a7/2013	Man with a dark beard and long dreadlocks, grey beanie, green scarf, serious; a young man soft behind	forest	day	mixed	medium	GREEN	young man in the background out of focus	
a7-010	a7/2013	Young man in a yellow headband and white hoodie smirks at camera, arms crossed; line of young men behind; camp building	camp	day	young-men	medium	AMBER		
a7-011	a7/2013	Wide: young man in a striped shirt climbs a big green cargo net in a harness against trees and sky	forest	day	young-men	wide	GREEN	small figure; verify	
a7-012	a7/2013	Close: the girl again, pink checkered bandana, wide smile	camp	day	mixed	close	FLAG	girl	
a7-013	a7/2013	Children and adults on a rocky beach around a long thin wooden canoe frame under a leafy tree; big mountains	beach	day	mixed	wide	GREEN		
a7-014	a7/2013	Teen in glasses, grey cap and purple plaid laughs holding a small frying pan over a camp stove; lake behind	beach	day	young-men	medium	AMBER		
a7-015	a7/2013	Young man in black tee and pink bandana beside a girl in a red checkered headband; man in bucket hat behind	forest	day	mixed	medium	FLAG	girl	
a7-016	a7/2013	Man late 20s with curly blonde hair and glasses smiles holding a long grey pole; mossy blur	forest	day	adults	medium	GREEN		
a7-017	a7/2013	Older man with a grey goatee in blue hoodie and straw hat gestures as he speaks; camo hat beside	forest	day	adults	medium	GREEN		
a7-018	a7/2013	Young person in a white climbing helmet and pink harness climbs green rope netting among mossy trees	forest	day	young-men	medium	AMBER	verify	
a7-019	a7/2013	Two older men look upward, focused: tan cap and cream shirt; white bucket hat and teal fleece	forest	day	adults	close	GREEN		
a7-020	a7/2013	Teen in a checkered headband and black logo tee holds a pole, slight smile to camera	forest	day	young-men	close	AMBER		
a7-021	a7/2013	Same teen sits on the forest floor smiling into the lens	forest	day	young-men	medium	AMBER		
a7-022	a7/2013	Six young men in trunks walk from the rocky shore into the calm blue-green lake; mountains; flare	water	day	young-men	wide	GREEN	likely backs; verify	
a7-023	a7/2013	Man in green bucket hat and beads, arm around a young man in a black jacket and yellow bandana; fire pit behind	camp	day	mixed	medium	AMBER		
a7-024	a7/2013	Two men in their 50s in sunglasses: denim jacket with bead necklaces; tan vest and green hat	camp	day	adults	medium	GREEN		
a7-025	a7/2013	Seven people sit on a pile of grey logs looking at camera, including the young man and man from a7-015	forest	day	mixed	medium	AMBER	same group as a7-015 (girl); may include her; verify	
a7-026	a7/2013	Eight people pose by a mossy tree on a rocky beach; a young man lies across logs in front	beach	day	mixed	wide	AMBER	group photo	
a7-027	a7/2013	Man in a black tank top lies on the dirt, face contorted, several hands grab his arms to pull him up	field	day	adults	close	CEREMONY	intense process moment, unclear what; keep off the site	
a7-028	a7/2013	Wide: 20-30 on a forest path in a dense physical group struggle; one runs toward the mass	forest	day	mixed	wide	GREEN		
a7-029	a7/2013	Ten men and teens in the shallow lake; two men hold a young man (mid-20s) upside down by the ankles; laughter	water	day	mixed	wide	AMBER	the teens watching may be identifiable	
a7-030	a7/2013	Two men pose: sage green shirt smiling broadly; grey tee with a beaded necklace	forest	day	adults	medium	GREEN		
a7-031	a7/2013	Two men in a dirt clearing: tan tee and camo trousers with thermos; red jacket, tan cap and a thick wooden staff	camp	day	adults	medium	GREEN		
a8-000	a8/Old (undated)	~15 young men and teens pose energetically on the lakeshore, peace signs and horns; fur-and-skull staff	beach	day	young-men	wide	AMBER	group photo; men now	
a8-001	a8/Old (undated)	Five people cross a shallow rocky stream, low camera, trees reflected; hazy mountains	water	day	unclear	wide	GREEN		
a8-002	a8/Old (undated)	Grassy field: men and young men in clouds of white powder, running and dodging	field	day	mixed	medium	GREEN	faces obscured by powder; verify	
a8-003	a8/Old (undated)	Four men in a row smiling: straw fedora, red bandana and green poncho; mustache and blue jacket; black bandana; grey beard	forest	day	adults	medium	GREEN		
a8-004	a8/Old (undated)	Looking straight up: ~8 people lean in over the lens, faces silhouetted against a white sky, halo effect	unclear	day	unclear	wide	GREEN	silhouettes	
a8-005	a8/Old (undated)	Five men lean on the back of a dark pickup in a forest campsite, looking right; yellow rope foreground	camp	day	adults	medium	GREEN		
a8-006	a8/Old (undated)	Line of ~20 men and young men in a field each holding a light wooden shield, some with pole spears; white mask; valley and cabin	field	day	mixed	wide	GREEN	faces at distance; verify; iconic	
a8-007	a8/Old (undated)	~10 sit on logs and chairs around a stone fire pit under a blue tarp, eating and talking	fire	day	unclear	medium	GREEN	verify faces	
a8-008	a8/Old (undated)	Two young men (~14 and ~10) in front of leaves; the younger makes a funny face at camera	forest	day	young-men	medium	AMBER		
a8-009	a8/Old (undated)	Wide: men run through plumes of white powder in the grassy field; white truck and forest	field	day	mixed	wide	GREEN		
a8-010	a8/Old (undated)	Young man ~20 in a black sweatshirt and white headband runs at camera, wide smile	field	day	unclear	medium	AMBER	verify age	
a8-011	a8/Old (undated)	Two ~18-year-olds grapple on grass scattered with white plastic tubes; one pins the other	field	day	young-men	close	AMBER		
a8-012	a8/Old (undated)	Teens spread across a field holding curved white plastic tubes like swords; misty mountains	field	day	young-men	medium	AMBER		
a8-013	a8/Old (undated)	Young man in a rusted wheelbarrow looks at a device while another pushes him, tongue out	field	day	young-men	medium	AMBER		
a8-014	a8/Old (undated)	Panoramic: ~40, mostly young men, in a wide semi-circle in a clearing; man in a blue tee gestures centre	forest	day	mixed	wide	GREEN	circle: confirm not a ceremony	
a8-015	a8/Old (undated)	Two men ~20 with cameras on neck straps: white bucket hat over a beanie, red bandana; black beanie	forest	day	adults	medium	GREEN	the documentarians	
a8-016	a8/Old (undated)	Blond teen ~15 in a yellow headband laughs holding a plywood shield; others with shields and tubes	field	day	young-men	close	AMBER		
a8-017	a8/Old (undated)	Teen in red jacket and red headband kneels; another in a blue jacket points forward; white flowers	field	day	young-men	medium	AMBER		
a8-018	a8/Old (undated)	Young man ~20 in a yellow headband drinks from a large unlabelled tin can; blue tarp	camp	day	unclear	close	AMBER	verify age	
a8-019	a8/Old (undated)	Blond teen ~15 in red headband and work gloves works lumber with a hand tool; red-haired teen behind	camp	day	young-men	medium	AMBER		
a8-020	a8/Old (undated)	Girl ~15 in a wheelbarrow pushed fast across a field by two young men; mountains, white building	field	day	mixed	medium	FLAG	girl	
a8-021	a8/Old (undated)	Young man ~18 crouches blowing on embers under a grey pot on a grill; a younger young man watches	fire	day	young-men	close	AMBER		
a8-022	a8/Old (undated)	Teen ~17 in black tee and tan cap wades barefoot through a clear rocky stream	water	day	young-men	medium	AMBER		
a8-023	a8/Old (undated)	~10 people cross a wide shallow rocky river holding a blue rope, dense forest	water	day	unclear	wide	GREEN		
a8-024	a8/Old (undated)	Two pose: ~18 with long dark curls in an INHUMAN sweatshirt; ~30 in orange tee with a ribboned headband	forest	day	mixed	close	AMBER		
a8-025	a8/Old (undated)	Rocky stream through a green valley, small group by the water, forested mountains, blue sky	water	day	unclear	wide	GREEN		
a8-026	a8/Old (undated)	~8 teens sit in a circle on river rocks beside rushing water; includes a girl; red headbands	water	day	mixed	medium	FLAG	girl present	
a8-027	a8/Old (undated)	Young man ~11 in a red tee with a bandaged hand, arms spread wide, bright smile; field with others	field	day	young-men	close	AMBER	looks under 12	
a8-028	a8/Old (undated)	Profile: young person ~12 with curly hair smiles out of a moving vehicle window, trees blurring	bus-road	day	young-men	close	AMBER		
a8-029	a8/Old (undated)	Young man mid-teens in wire glasses, NBA cap and striped polo looks off-camera; leaves	forest	day	young-men	close	AMBER		
a8-030	a8/Old (undated)	Young man mid-teens in patterned cap and white hoodie, chin on clasped hands, big friendly smile to lens	field	day	young-men	close	AMBER		
a8-031	a8/Old (undated)	Young man late teens, blue eyes, tan cloth headband, black hoodie, steady serious look at camera	forest	day	young-men	close	AMBER	strong portrait	
a8-032	a8/Old (undated)	Man ~30 in an olive striped sleeveless top smiles off-camera; soft leaves	forest	day	adults	close	GREEN		
a8-033	a8/Old (undated)	From behind: child in a blue jacket and hiking boots crouches on the gravel shore looking over calm water	beach	day	young-men	medium	GREEN	back to camera	
a8-034	a8/Old (undated)	Young man ~12 in a red tee, hands behind his back, faces two men (grey cap; backwards cap and vest) on a grassy bank; misty lake	beach	day	mixed	medium	AMBER	verify which way the young man faces	
a8-035	a8/Old (undated)	High angle through dark evergreens onto a sunlit clearing by the water; group around a wooden pole tripod	camp	day	unclear	wide	GREEN		
a8-036	a8/Old (undated)	~10 men in a loose circle on a sandy beach framed by branches; mountains under cloud	beach	day	adults	wide	GREEN	circle: confirm not a ceremony	
a8-037	a8/Old (undated)	Two blond young men in red tees pole a small log raft in shallow clear water	water	day	young-men	medium	AMBER	verify faces	
a8-038	a8/Old (undated)	Stone inukshuk on a rocky cliff in warm late sun; pines left; tranquil lake and blue mountains	beach	dusk	none	wide	GREEN		
a8-039	a8/Old (undated)	From behind: 8-10 young men in hoodies sit on logs and rocks at the edge of a calm blue lake; dark mountain	beach	day	young-men	wide	GREEN	backs; strong	
a8-040	a8/Old (undated)	High angle over a steep rocky cliff by the lake; dozens of males scattered, some climbing down to emerald water	beach	day	mixed	wide	GREEN		
a8-041	a8/Old (undated)	Four men walk toward camera on a dusty path: goatee and white tee; red tank; white-and-red tracksuit; blue tee	forest	day	adults	medium	GREEN	one described as a young man; verify	
a8-042	a8/Old (undated)	Teens gathered by a yellow school bus; the centre one in blue tee, chain and white cap looks off-camera	bus-road	day	young-men	medium	AMBER		
a8-043	a8/Old (undated)	Peaceful lake shoreline: grey pebbles, one piece of driftwood, layered hazy mountains, evergreens right	beach	day	none	wide	GREEN		
a8-044	a8/Old (undated)	Inside a moving bus packed with teens; one in a bright green tee grins at camera	bus-road	day	young-men	medium	AMBER		
a8-045	a8/Old (undated)	Young men run toward camera on a wide gravel path; silver SUV and a firewood stack	camp	day	unclear	medium	AMBER	verify ages	
a8-046	a8/Old (undated)	Twilight lake: a man standing at the water's edge and a young man seated beside him, both in silhouette; island	beach	dusk	mixed	wide	GREEN	silhouettes; strong	
a8-047	a8/Old (undated)	High angle: men and young men in a wide circle in a grassy clearing around a stone fire pit; a man crosses the centre	fire	day	mixed	wide	GREEN	circle: confirm not a ceremony	
a8-048	a8/Old (undated)	Teens and a grey-bearded man huddle in ferns; teen in camo boonie hat and orange bandana talks	forest	day	mixed	medium	AMBER		
a8-049	a8/Old (undated)	Young men crouch on the shore tying thin poles into a grid with yellow and green rope; one in red tee and yellow headband watches	beach	day	young-men	medium	GREEN	hands and backs mostly; verify	
a8-050	a8/Old (undated)	Line of young men on a shaded path; three in yellow blindfolds, hand on the shoulder ahead; staff at the front	forest	day	young-men	medium	AMBER	blindfold walk; may be part of a process; confirm	
a8-051	a8/Old (undated)	Men and young men build a human pyramid in a shaded dirt clearing; spotters around	forest	day	mixed	wide	GREEN	verify faces	
a8-052	a8/Old (undated)	Group bends a long leafy branch into an arch near the lake; buckets on the ground; man in white faces away	camp	day	mixed	wide	GREEN		
a8-053	a8/Old (undated)	Young man 18-22 in a white tee and hoop earring looks at camera, serious	forest	day	young-men	close	AMBER	verify age	
a8-054	a8/Old (undated)	From behind: a line of young men and men sit on a dirt path as part of a large inward-facing circle; lake and mountains	beach	day	mixed	medium	GREEN	backs; circle: confirm not a ceremony	
a8-055	a8/Old (undated)	Dozens of young men and men cheer on a sandy shore, arms and hats in the air; forested mountains	beach	day	mixed	wide	AMBER	faces small; may pass as GREEN	
a8-056	a8/Old (undated)	Man in his 40s, shaved head, black logo tee, between two teens in blue tees by the water	beach	day	mixed	medium	AMBER		
a8-057	a8/Old (undated)	Man in grey tee seated at the lake edge; young man with a painted forehead holds a fur-and-feather staff; young man in red hoodie	beach	day	mixed	medium	AMBER		
a8-058	a8/Old (undated)	Older man in a red cap with his arm around a teen in sunglasses; man in grey with a yellow watch; rocky shore	beach	day	mixed	medium	AMBER		
a8-059	a8/Old (undated)	~10 teens huddle close, shouting, horns and peace signs at camera; fur staff	beach	day	young-men	medium	AMBER		
a8-060	a8/Old (undated)	Elevated: young men wrestle playfully in the centre of a loose circle in a dirt clearing; SUV behind	field	day	mixed	wide	GREEN	verify faces	
a8-061	a8/Old (undated)	Young men run off a log-strewn shore and leap into the lake, mid-air and splashing; big mountain peak	water	day	young-men	wide	GREEN	distant action	
a8-062	a8/Old (undated)	~7 young men in a tight inward-facing huddle, arms around shoulders, big backpacks; others on logs behind	forest	day	young-men	medium	GREEN	faces inward; verify	
